{"Game":"Stellaris","IsSelected":true,"MergedFolderName":null,"ModIds":[{"ParadoxId":null,"SteamId":1591095271},{"ParadoxId":null,"SteamId":1328104435},{"ParadoxId":null,"SteamId":3480431758},{"ParadoxId":null,"SteamId":2946998538},{"ParadoxId":null,"SteamId":1880071041},{"ParadoxId":null,"SteamId":1420418591},{"ParadoxId":null,"SteamId":1343070826},{"ParadoxId":null,"SteamId":1279836097},{"ParadoxId":null,"SteamId":1383580181},{"ParadoxId":null,"SteamId":1545833973},{"ParadoxId":null,"SteamId":697938908},{"ParadoxId":null,"SteamId":2816453449},{"ParadoxId":null,"SteamId":1289697468},{"ParadoxId":null,"SteamId":1381214767},{"ParadoxId":null,"SteamId":3258497842},{"ParadoxId":null,"SteamId":3209505298},{"ParadoxId":null,"SteamId":902204956},{"ParadoxId":null,"SteamId":1399770323},{"ParadoxId":null,"SteamId":682090850},{"ParadoxId":null,"SteamId":2947031339},{"ParadoxId":null,"SteamId":1224507727},{"ParadoxId":null,"SteamId":873063455},{"ParadoxId":null,"SteamId":702642950},{"ParadoxId":null,"SteamId":1900830460},{"ParadoxId":null,"SteamId":2948301103},{"ParadoxId":null,"SteamId":1599741131},{"ParadoxId":null,"SteamId":1278767755},{"ParadoxId":null,"SteamId":2049806134},{"ParadoxId":null,"SteamId":1395096076},{"ParadoxId":null,"SteamId":1239558744},{"ParadoxId":null,"SteamId":684454645},{"ParadoxId":null,"SteamId":3010679376},{"ParadoxId":null,"SteamId":2786433643},{"ParadoxId":null,"SteamId":2284514368},{"ParadoxId":null,"SteamId":3384022293},{"ParadoxId":null,"SteamId":2951560673},{"ParadoxId":null,"SteamId":1506079443},{"ParadoxId":null,"SteamId":900079667},{"ParadoxId":null,"SteamId":1747995732},{"ParadoxId":null,"SteamId":1623423360},{"ParadoxId":null,"SteamId":2948200528},{"ParadoxId":null,"SteamId":1780481482},{"ParadoxId":null,"SteamId":2066393985},{"ParadoxId":null,"SteamId":1628912584},{"ParadoxId":null,"SteamId":1993018111},{"ParadoxId":null,"SteamId":2976235256},{"ParadoxId":null,"SteamId":2978032655},{"ParadoxId":null,"SteamId":3344333376},{"ParadoxId":null,"SteamId":904956708},{"ParadoxId":null,"SteamId":1219880447},{"ParadoxId":null,"SteamId":911635167}],"ModNames":["40k Lord Commissar advisor","Abathur Voice Advisor","Advanced Tech Tree Tooltip","Any Color Can Spawn","ASB Ironman","Backgrounds+ Anomalies","Backgrounds+ Leaders","Backgrounds+ Loading Screens","Backgrounds+ Planetview","Backgrounds+ Vanilla Add-on","Beautiful Universe v2.0","Better Faction Info","Better Leader Level Icons Silver & Gold Edition","Colored Map Icons","Cosmogenesis Building Perk Information","Diverse Preset Empires (Updated)","Diverse Rooms","EUTAB - Unique Buildings (Achievements Enabled)","Expanded Colours [180 Colours]","Any Color Can Spawn - Expanded Colours Patch","Extended Soundtrack","Extended Vanilla Clothes","Flag Background Pack","Flags in the void","Full Tiny Outliner","Improved Music Player","Improved Music Player & Dark UI Fix","Just More Empires 4.0.x","Just More Flags (Achievement Compatible)","LR303's GLaDOS Advisor","Music Pack","Into The Breach OST","FTL Full OST","Planetary Diversity - Gaia Worlds","Immersive Galaxies - Planet Variety Reborn 4K for 3.14","Silver Emblems","Softer Hyperlanes","TehT_FlagPack","Tier Numbers: Buildings","UI Overhaul Dynamic","UI Overhaul Dynamic + Any Color Can Spawn - Expanded Colours","UI Overhaul Dynamic - Extended Topbar","UI Overhaul Dynamic + Expanded Colours","UI Overhaul Dynamic - Tiny Outliner","UI Overhaul Dynamic - Dark UI","Improved Leaders View (UI)","UI Overhaul Dynamic + Improved Leaders View","Autodismiss Fix For UI Overhaul","Dark UI","Dark UI & Expanded Colours 180 Color Picker Fix","Dark U1 - Blue Buttons"],"ModPaths":null,"Mods":["mod/ugc_1591095271.mod","mod/ugc_1328104435.mod","mod/ugc_3480431758.mod","mod/ugc_2946998538.mod","mod/ugc_1880071041.mod","mod/ugc_1420418591.mod","mod/ugc_1343070826.mod","mod/ugc_1279836097.mod","mod/ugc_1383580181.mod","mod/ugc_1545833973.mod","mod/ugc_697938908.mod","mod/ugc_2816453449.mod","mod/ugc_1289697468.mod","mod/ugc_1381214767.mod","mod/ugc_3258497842.mod","mod/ugc_3209505298.mod","mod/ugc_902204956.mod","mod/ugc_1399770323.mod","mod/ugc_682090850.mod","mod/ugc_2947031339.mod","mod/ugc_1224507727.mod","mod/ugc_873063455.mod","mod/ugc_702642950.mod","mod/ugc_1900830460.mod","mod/ugc_2948301103.mod","mod/ugc_1599741131.mod","mod/ugc_1278767755.mod","mod/ugc_2049806134.mod","mod/ugc_1395096076.mod","mod/ugc_1239558744.mod","mod/ugc_684454645.mod","mod/ugc_3010679376.mod","mod/ugc_2786433643.mod","mod/ugc_2284514368.mod","mod/ugc_3384022293.mod","mod/ugc_2951560673.mod","mod/ugc_1506079443.mod","mod/ugc_900079667.mod","mod/ugc_1747995732.mod","mod/ugc_1623423360.mod","mod/ugc_2948200528.mod","mod/ugc_1780481482.mod","mod/ugc_2066393985.mod","mod/ugc_1628912584.mod","mod/ugc_1993018111.mod","mod/ugc_2976235256.mod","mod/ugc_2978032655.mod","mod/ugc_3344333376.mod","mod/ugc_904956708.mod","mod/ugc_1219880447.mod","mod/ugc_911635167.mod"],"Name":"Stellaris - DaTroll's Collection","PatchModEnabled":true}